{
  "avg_completion_time_hours": 6.250000000099341,
  "success_rate": 0.6666666666666666
}